Sentence_ID,Word,Tag
1,That,O
1,lady,O
1,was,O
1,being,O
1,such,O
1,a,O
1,"Karen,",B-SLANG
1,yelling,O
1,at,O
1,the,O
1,manager,O
1,over,O
1,nothing.,O
2,She,O
2,was,O
2,Karening,B-SLANG
2,hard,O
2,at,O
2,the,O
2,store,O
2,‚Äî,O
2,demanding,O
2,to,O
2,speak,O
2,to,O
2,the,O
2,manager.,O
3,Just,O
3,posted,O
3,my,O
3,OOTD,B-SLANG
3,on,O
3,Insta,O
3,‚Äî,O
3,feeling,O
3,cute,O
3,in,O
3,this,O
3,denim,O
3,fit!,B-SLANG
4,Ross,O
4,and,O
4,Rachel,O
4,are,O
4,my,O
4,OTP,B-SLANG
4,‚Äî,O
4,they‚Äôre,O
4,literally,O
4,made,O
4,for,O
4,each,O
4,other.,O
5,I‚Äôm,O
5,tired,O
5,af,B-SLANG
5,after,O
5,that,O
5,"exam,",O
5,not,O
5,even,O
5,kidding.,O
6,He,O
6,walked,O
6,in,O
6,like,B-SLANG
6,an,O
6,"alpha,",B-SLANG
6,confident,O
6,and,O
6,in,O
6,control,O
6,of,O
6,everything.,O
7,Her,O
7,style,O
7,is,O
7,so,O
7,"alt,",B-SLANG
7,totally,O
7,different,O
7,from,O
7,mainstream,O
7,trends.,O
8,Did,O
8,you,O
8,see,O
8,her,O
8,performance?,O
8,She,O
8,ate,B-SLANG
8,that,O
8,and,O
8,left,O
8,no,O
8,crumbs!,O
9,There‚Äôs,O
9,been,O
9,beef,B-SLANG
9,between,O
9,them,O
9,ever,O
9,since,O
9,the,O
9,group,O
9,project,O
9,fell,O
9,apart.,O
10,You,O
10,think,O
10,I,O
10,won‚Äôt,O
10,do,O
10,it?,O
10,Bet.,B-SLANG
10,Watch,O
10,me.,O
11,He,O
11,said,O
11,he‚Äôs,O
11,going,O
11,to,O
11,win,B-SLANG
11,the,O
11,race?,O
11,Bet,B-SLANG
11,that.,O
11,He‚Äôs,O
11,been,O
11,training,O
11,for,O
11,weeks.,O
12,He‚Äôs,O
12,acting,O
12,like,B-SLANG
12,a,O
12,total,O
12,"beta,",B-SLANG
12,just,O
12,going,O
12,along,O
12,with,O
12,what,O
12,everyone,O
12,says.,O
13,"Bffr,",B-SLANG
13,you,O
13,really,O
13,think,O
13,pineapple,O
13,belongs,O
13,on,O
13,pizza?,O
14,That,O
14,cat,O
14,lying,O
14,flat,O
14,on,O
14,the,O
14,floor,O
14,is,O
14,a,O
14,big,O
14,mood,B-SLANG
14,right,O
14,now.,O
15,He,O
15,showed,O
15,up,O
15,to,O
15,the,O
15,interview,O
15,in,O
15,pajamas,O
15,‚Äî,O
15,big,O
15,yikes.,B-SLANG
16,She,O
16,kept,O
16,spamming,O
16,my,O
16,"phone,",O
16,so,O
16,I,O
16,blocked,B-SLANG
16,her.,O
17,My,O
17,dad,O
17,doesn‚Äôt,O
17,understand,O
17,memes,O
17,‚Äî,O
17,such,O
17,a,O
17,boomer,B-SLANG
17,moment.,O
18,She,O
18,only,O
18,shops,O
18,designer,O
18,‚Äî,O
18,totally,O
18,boujee,B-SLANG
18,vibes.,O
19,Boy,O
19,math,O
19,is,O
19,thinking,O
19,5‚Äô10‚Äù,O
19,is,O
19,basically,O
19,6,O
19,feet.,O
20,"Bruh,",B-SLANG
20,you,O
20,really,O
20,just,O
20,spilled,O
20,coffee,O
20,on,O
20,your,O
20,laptop,O
20,again?,O
21,This,O
21,mac,O
21,and,O
21,cheese,O
21,is,O
21,bussin,B-SLANG
21,‚Äî,O
21,who,O
21,made,O
21,this?!,O
22,You,O
22,said,O
22,you,O
22,ran,O
22,10,O
22,miles,O
22,this,O
22,morning?,O
22,That‚Äôs,O
22,cap.,B-SLANG
23,She,O
23,brought,O
23,chaotic,O
23,energy,O
23,to,O
23,the,O
23,party,O
23,and,O
23,I,O
23,loved,O
23,every,O
23,second,O
23,of,O
23,it.,O
24,He,O
24,may,O
24,break,O
24,"rules,",O
24,but,O
24,he‚Äôs,O
24,doing,O
24,it,O
24,for,O
24,a,O
24,cause,O
24,‚Äî,O
24,classic,O
24,chaotic,O
24,good.,O
25,He‚Äôs,O
25,such,O
25,a,O
25,"chad,",B-SLANG
25,always,O
25,flexing,O
25,and,O
25,trying,O
25,too,O
25,hard,O
25,to,O
25,impress.,O
26,That,O
26,take,O
26,was,O
26,so,O
26,chronically,O
26,"online,",O
26,it,O
26,makes,O
26,no,O
26,sense,O
26,in,O
26,real,O
26,life.,O
27,Her,O
27,clapback,B-SLANG
27,on,O
27,Twitter,O
27,shut,O
27,the,O
27,haters,O
27,down,O
27,instantly.,O
28,She‚Äôs,O
28,got,O
28,that,O
28,clean,O
28,girl,O
28,aesthetic,O
28,‚Äî,O
28,sleek,O
28,"bun,",O
28,glossy,O
28,"skin,",O
28,minimal,O
28,makeup.,O
29,Her,O
29,whole,O
29,vibe,B-SLANG
29,is,O
29,very,O
29,cottagecore,O
29,‚Äî,O
29,aesthetic,O
29,to,O
29,the,O
29,max.,O
30,His,O
30,attempt,O
30,at,O
30,a,O
30,TikTok,O
30,dance,O
30,was,O
30,pure,O
30,cringe.,B-SLANG
31,He,O
31,walked,O
31,"in,",O
31,took,O
31,control,O
31,of,O
31,the,O
31,room,O
31,‚Äî,O
31,major,O
31,daddy,O
31,energy.,O
32,I‚Äôm,O
32,deadass,B-SLANG
32,not,O
32,joking,O
32,‚Äî,O
32,that,O
32,ghost,B-SLANG
32,tour,O
32,was,O
32,terrifying.,O
33,She‚Äôs,O
33,de-influencing,B-SLANG
33,"people,",O
33,telling,O
33,them,O
33,not,O
33,to,O
33,waste,O
33,money,O
33,on,O
33,trendy,O
33,junk.,O
34,She,O
34,thinks,O
34,they‚Äôre,O
34,secretly,O
34,dating,O
34,because,O
34,he,O
34,liked,O
34,her,O
34,photo,O
34,‚Äî,O
34,she‚Äôs,O
34,delulu.,B-SLANG
35,I,O
35,missed,O
35,my,O
35,"bus,",O
35,spilled,O
35,my,O
35,"coffee,",O
35,and,O
35,failed,O
35,the,O
35,test.,O
35,I‚Äôm,O
35,done,O
35,with,O
35,life.,O
36,She,O
36,dragged,O
36,him,O
36,for,O
36,his,O
36,outfit,O
36,‚Äî,O
36,said,O
36,it,O
36,looked,O
36,like,B-SLANG
36,a,O
36,curtain.,O
37,That,O
37,outfit,O
37,is,O
37,pure,O
37,drip,B-SLANG
37,‚Äî,O
37,the,O
37,"shoes,",O
37,the,O
37,"jacket,",O
37,everything!,O
38,I‚Äôm,O
38,feeling,O
38,emo,B-SLANG
38,today,O
38,‚Äî,O
38,blasting,O
38,sad,O
38,music,O
38,and,O
38,staring,O
38,out,O
38,the,O
38,window.,O
39,As,O
39,soon,O
39,as,O
39,she,O
39,walked,O
39,"in,",O
39,there,O
39,was,O
39,a,O
39,total,O
39,energy,O
39,shift,O
39,in,O
39,the,O
39,room.,O
40,He,O
40,brought,O
40,"balloons,",O
40,a,O
40,"banner,",O
40,and,O
40,confetti,O
40,for,O
40,a,O
40,casual,O
40,dinner,O
40,‚Äî,O
40,so,O
40,extra.,B-SLANG
41,‚ÄúI,O
41,just,O
41,want,O
41,a,O
41,nap,O
41,and,O
41,a,O
41,hug.‚Äù,O
41,‚Äì,O
41,Felt,O
41,that.,O
42,She,O
42,totally,O
42,finessed,O
42,her,O
42,way,O
42,into,O
42,the,O
42,VIP,O
42,section,O
42,without,O
42,a,O
42,pass.,O
43,I,O
43,only,O
43,post,B-SLANG
43,rants,O
43,and,O
43,memes,O
43,on,O
43,my,O
43,"finsta,",B-SLANG
43,not,O
43,my,O
43,main.,B-SLANG
44,I‚Äôm,O
44,finna,B-SLANG
44,order,O
44,pizza,O
44,‚Äî,O
44,can‚Äôt,O
44,deal,O
44,with,O
44,cooking,O
44,right,O
44,now.,O
45,This,O
45,party's,O
45,dead.,B-SLANG
45,I'm,O
45,finna,B-SLANG
45,dip.,O
46,That,O
46,new,O
46,song,O
46,is,O
46,fire.,B-SLANG
46,I‚Äôve,O
46,had,O
46,it,O
46,on,O
46,repeat,O
46,all,O
46,day.,O
47,Your,O
47,fit,B-SLANG
47,is,O
47,so,O
47,cute,O
47,today!,O
47,Where‚Äôs,O
47,that,O
47,jacket,O
47,from?,O
48,Hold,O
48,up,O
48,‚Äî,O
48,fit,B-SLANG
48,check!,O
48,Look,O
48,at,O
48,this,O
48,coordinated,O
48,outfit!,O
49,Just,O
49,did,O
49,a,O
49,fitcheck,B-SLANG
49,before,O
49,heading,O
49,out.,O
49,Slaying,O
49,confirmed.,O
50,Her,O
50,gym,O
50,posts,O
50,are,O
50,total,O
50,fitspo.,B-SLANG
50,Makes,O
50,me,O
50,wanna,O
50,work,O
50,out.,O
51,I‚Äôm,O
51,in,O
51,my,O
51,flop,O
51,era,O
51,‚Äî,O
51,nothing,O
51,I,O
51,do,O
51,is,O
51,hitting,O
51,lately.,O
52,I,O
52,had,O
52,major,O
52,FOMO,B-SLANG
52,seeing,O
52,everyone‚Äôs,O
52,beach,O
52,stories,O
52,while,O
52,I,O
52,was,O
52,stuck,O
52,at,O
52,work.,O
53,Don‚Äôt,O
53,gaslight,B-SLANG
53,me,O
53,‚Äî,O
53,I,O
53,know,O
53,what,O
53,I,O
53,saw!,O
54,Why,O
54,do,O
54,people,O
54,gatekeep,B-SLANG
54,the,O
54,best,O
54,skincare,O
54,brands,O
54,like,B-SLANG
54,it‚Äôs,O
54,top,O
54,secret?,O
55,She‚Äôs,O
55,gatekeeping,B-SLANG
55,that,O
55,recipe,O
55,like,B-SLANG
55,it‚Äôs,O
55,a,O
55,national,O
55,treasure.,O
56,You‚Äôve,O
56,got,O
56,this,O
56,job,O
56,interview,O
56,‚Äî,O
56,go,O
56,get,O
56,that,O
56,bag!,O
57,Girl,O
57,math,O
57,says,O
57,this,O
57,was,O
57,basically,O
57,free,O
57,since,O
57,I,O
57,used,O
57,store,O
57,credit.,O
58,She‚Äôs,O
58,running,O
58,her,O
58,own,O
58,company,O
58,at,O
58,24,O
58,‚Äî,O
58,total,O
58,girlboss,B-SLANG
58,energy.,O
59,I,O
59,zoned,O
59,out,O
59,mid-sentence,O
59,‚Äî,O
59,I,O
59,swear,O
59,I,O
59,glitched,O
59,for,O
59,a,O
59,second.,O
60,He,O
60,really,O
60,had,O
60,a,O
60,glow,O
60,down,O
60,after,O
60,high,O
60,school.,O
60,üò¨,O
61,She,O
61,had,O
61,the,O
61,best,O
61,glow,O
61,up,O
61,over,O
61,summer,O
61,‚Äî,O
61,new,O
61,"hair,",O
61,new,O
61,vibe!,B-SLANG
62,I,O
62,was,O
62,in,O
62,goblin,O
62,mode,O
62,all,O
62,weekend,O
62,‚Äî,O
62,"snacks,",O
62,"hoodies,",O
62,no,O
62,socializing.,O
63,Beyonc√©,O
63,is,O
63,the,O
63,GOAT.,B-SLANG
63,No,O
63,debate.,O
64,He,O
64,hit,O
64,the,O
64,Griddy,B-SLANG
64,after,O
64,scoring,O
64,‚Äî,O
64,crowd,O
64,went,O
64,wild.,O
65,Back,O
65,on,O
65,the,O
65,grind,B-SLANG
65,‚Äî,O
65,no,O
65,time,O
65,for,O
65,breaks,O
65,this,O
65,week.,O
66,Just,O
66,filmed,O
66,a,O
66,GRWM,B-SLANG
66,for,O
66,brunch,O
66,‚Äî,O
66,should,O
66,I,O
66,post,B-SLANG
66,it?,O
67,Gyat!,B-SLANG
67,That,O
67,dress,O
67,is,O
67,doing,O
67,the,O
67,most,O
67,in,O
67,the,O
67,best,O
67,way.,O
68,He,O
68,sent,O
68,one,O
68,more,O
68,‚Äúwyd‚Äù,O
68,at,O
68,3AM,O
68,and,O
68,got,O
68,the,O
68,hard,O
68,block.,B-SLANG
69,She,O
69,posted,O
69,him,O
69,holding,O
69,her,O
69,hand,O
69,at,O
69,dinner,O
69,‚Äî,O
69,full,O
69,hard,O
69,launch.,O
70,That,O
70,movie,O
70,was,O
70,hella,B-SLANG
70,good.,O
70,Definitely,O
70,watching,O
70,again.,O
71,Twitter,O
71,is,O
71,a,O
71,hellscape,B-SLANG
71,"lately,",O
71,but,O
71,I,O
71,can‚Äôt,O
71,log,O
71,off.,O
72,I,O
72,highkey,B-SLANG
72,want,O
72,to,O
72,quit,O
72,everything,O
72,and,O
72,move,O
72,to,O
72,a,O
72,cabin.,O
73,This,O
73,playlist,O
73,highkey,B-SLANG
73,slaps,B-SLANG
73,‚Äî,O
73,every,O
73,song,O
73,is,O
73,a,O
73,banger.,O
74,Went,O
74,on,O
74,my,O
74,hot,O
74,girl,O
74,walk,O
74,with,O
74,my,O
74,iced,O
74,coffee,O
74,and,O
74,podcast.,O
75,I,O
75,was,O
75,a,O
75,hot,O
75,mess,O
75,this,O
75,morning,O
75,‚Äî,O
75,forgot,O
75,my,O
75,"keys,",O
75,spilled,O
75,my,O
75,"drink,",O
75,you,O
75,name,O
75,it.,O
76,Hot,O
76,"take,",O
76,but,O
76,I,O
76,think,O
76,cereal,O
76,with,O
76,no,O
76,milk,O
76,is,O
76,better.,O
77,She‚Äôs,O
77,in,O
77,her,O
77,icon,O
77,era,O
77,‚Äî,O
77,"thriving,",O
77,"glowing,",O
77,unstoppable.,O
78,That,O
78,red,O
78,carpet,O
78,look,O
78,was,O
78,iconic,B-SLANG
78,‚Äî,O
78,fashion,O
78,history!,O
79,IDC,B-SLANG
79,what,O
79,they,O
79,think,O
79,‚Äî,O
79,I‚Äôm,O
79,doing,O
79,what,O
79,makes,O
79,me,O
79,happy.,O
80,IDK,B-SLANG
80,what,O
80,to,O
80,wear,O
80,to,O
80,the,O
80,concert,O
80,‚Äî,O
80,help,O
80,me,O
80,choose?,O
81,"IMO,",B-SLANG
81,that,O
81,was,O
81,the,O
81,best,O
81,episode,O
81,of,O
81,the,O
81,whole,O
81,series.,O
82,That,O
82,song,O
82,had,O
82,me,O
82,in,O
82,my,O
82,feels,O
82,all,O
82,night.,O
82,üò¢,O
83,She‚Äôs,O
83,so,O
83,funny,O
83,"online,",O
83,but,O
83,she‚Äôs,O
83,super,O
83,shy,O
83,in,O
83,real,O
83,life.,O
84,She‚Äôs,O
84,basically,O
84,an,O
84,influencer,B-SLANG
84,now,O
84,‚Äî,O
84,brands,O
84,keep,O
84,sending,O
84,her,O
84,PR,O
84,packages.,O
85,We‚Äôve,O
85,been,O
85,friends,O
85,online,O
85,for,O
85,"years,",O
85,but,O
85,we,O
85,finally,O
85,met,O
85,IRL,B-SLANG
85,last,O
85,week!,O
86,People,O
86,keep,O
86,asking,O
86,if,O
86,he‚Äôs,O
86,your,O
86,IRL,B-SLANG
86,BF,O
86,or,O
86,just,O
86,your,O
86,TikTok,O
86,crush.,O
87,I,O
87,talk,O
87,to,O
87,so,O
87,many,O
87,people,O
87,online,O
87,but,O
87,barely,O
87,have,O
87,IRL,B-SLANG
87,friends.,O
88,His,O
88,IRL,B-SLANG
88,GF,O
88,is,O
88,totally,O
88,different,O
88,from,O
88,what,O
88,I,O
88,expected.,O
89,It‚Äôs,O
89,giving,O
89,main,B-SLANG
89,character,O
89,energy.,O
90,That,O
90,meme,O
90,was,O
90,hilarious,O
90,‚Äî,O
90,I‚Äôm,O
90,dead.,B-SLANG
90,üòÇ,O
91,She,O
91,said,O
91,she,O
91,microwaves,O
91,her,O
91,cereal...,O
91,I,O
91,can‚Äôt,O
91,even.,O
92,I‚Äôm,O
92,so,O
92,jelly,B-SLANG
92,of,O
92,your,O
92,vacation,O
92,pics!,O
93,He‚Äôs,O
93,got,O
93,a,O
93,plan,O
93,‚Äî,O
93,just,O
93,let,O
93,him,O
93,cook.,O
94,That,O
94,scene,O
94,is,O
94,living,O
94,rent-free,O
94,in,O
94,my,O
94,head.,O
95,He,O
95,fell,O
95,trying,O
95,to,O
95,impress,O
95,her,O
95,‚Äî,O
95,LMAO.,B-SLANG
96,I,O
96,totally,O
96,forgot,O
96,my,O
96,own,O
96,birthday,O
96,lol.,B-SLANG
97,That,O
97,fight,O
97,last,O
97,year,O
97,is,O
97,part,O
97,of,O
97,our,O
97,group‚Äôs,O
97,lore,B-SLANG
97,now.,O
98,I,O
98,lowkey,B-SLANG
98,wanna,O
98,bail,O
98,on,O
98,the,O
98,party,O
98,and,O
98,stay,O
98,in,O
98,bed.,O
99,She‚Äôs,O
99,the,O
99,"main,",B-SLANG
99,no,O
99,supporting,O
99,role,O
99,energy,O
99,here.,O
100,He,O
100,walked,O
100,in,O
100,like,B-SLANG
100,the,O
100,main,B-SLANG
100,character,O
100,of,O
100,a,O
100,teen,O
100,drama.,O
101,You,O
101,really,O
101,had,O
101,main,B-SLANG
101,character,O
101,energy,O
101,during,O
101,that,O
101,presentation.,O
102,He‚Äôs,O
102,got,O
102,main,B-SLANG
102,character,O
102,syndrome‚Äîthinks,O
102,the,O
102,world,O
102,revolves,O
102,around,O
102,him.,O
103,That,O
103,outfit?,O
103,Main,B-SLANG
103,slay.,B-SLANG
103,No,O
103,notes.,O
104,Her,O
104,reaction,B-SLANG
104,was,O
104,so,O
104,over,O
104,the,O
104,"top,",O
104,it‚Äôs,O
104,100%,O
104,memeable.,B-SLANG
105,Everyone,O
105,hyped,O
105,it,O
105,up,O
105,but,O
105,the,O
105,movie,O
105,was,O
105,just,O
105,mid.,B-SLANG
106,It‚Äôs,O
106,not,O
106,"bad,",O
106,not,O
106,amazing‚Äîjust,O
106,midcore,B-SLANG
106,music,O
106,for,O
106,background,O
106,vibes.,O
107,This,O
107,mfer,B-SLANG
107,really,O
107,showed,O
107,up,O
107,late,O
107,with,O
107,Starbucks,O
107,for,O
107,himself,O
107,only.,O
108,*[Sees,O
108,a,O
108,sleepy,O
108,cat,O
108,in,O
108,a,O
108,blanket]*,O
108,'Big,O
108,mood.',O
109,She,O
109,brought,O
109,"snacks,",O
109,"meds,",O
109,and,O
109,tissues‚Äîtotal,O
109,mom,O
109,friend,O
109,behavior.,O
110,He,O
110,started,O
110,talking,O
110,"nonsense,",O
110,so,O
110,I,O
110,mentally,O
110,muted,B-SLANG
110,him.,O
111,We‚Äôve,O
111,never,O
111,met,O
111,but,O
111,we‚Äôre,O
111,mutuals,B-SLANG
111,on,O
111,TikTok.,O
112,He,O
112,got,O
112,the,O
112,role,O
112,through,O
112,his,O
112,dad‚Äôs,O
112,connections‚Äîclassic,O
112,nepo,O
112,baby.,O
113,"Ngl,",B-SLANG
113,that,O
113,outfit,O
113,is,O
113,kinda,O
113,fire.,B-SLANG
114,That,O
114,was,O
114,the,O
114,best,O
114,concert,O
114,I‚Äôve,O
114,ever,O
114,been,O
114,"to,",O
114,no,O
114,cap.,B-SLANG
115,She,O
115,roasted,O
115,him,O
115,in,O
115,the,O
115,group,O
115,chat,O
115,with,O
115,no,O
115,chill.,O
116,He,O
116,ate,B-SLANG
116,that,O
116,performance,O
116,and,O
116,left,O
116,no,O
116,crumbs.,O
117,That,O
117,exam,O
117,was,O
117,"brutal,",O
117,no,O
117,lie.,O
118,Me,O
118,after,O
118,finishing,O
118,finals:,O
118,no,O
118,"thoughts,",O
118,head,O
118,empty.,O
119,His,O
119,outfit,O
119,was,O
119,just,O
119,jeans,O
119,and,O
119,a,O
119,plain,O
119,tee‚Äîpure,O
119,normcore.,B-SLANG
120,I,O
120,actually,O
120,met,O
120,a,O
120,celeb,O
120,at,O
120,"Target,",O
120,not,O
120,clickbait!,O
121,Not,O
121,me,O
121,crying,O
121,over,O
121,a,O
121,dog,O
121,in,O
121,a,O
121,commercial,O
121,again.,O
122,That,O
122,comment?,B-SLANG
122,Not,O
122,the,O
122,vibe,B-SLANG
122,at,O
122,all.,O
123,He,O
123,said,O
123,the,O
123,same,B-SLANG
123,line,O
123,five,O
123,times‚Äîtotal,O
123,NPC,B-SLANG
123,energy.,O
124,He,O
124,kept,O
124,repeating,O
124,the,O
124,same,B-SLANG
124,line,O
124,like,B-SLANG
124,an,O
124,NPC‚Äîtotal,O
124,npc,B-SLANG
124,energy.,O
125,You,O
125,don‚Äôt,O
125,get,O
125,memes?,O
125,Ok,O
125,boomer.,B-SLANG
126,"Omg,",B-SLANG
126,that,O
126,was,O
126,the,O
126,cutest,O
126,puppy,O
126,I‚Äôve,O
126,ever,O
126,seen!,O
127,Omw,B-SLANG
127,to,O
127,save,O
127,your,O
127,day,O
127,like,B-SLANG
127,a,O
127,hero.,O
128,Her,O
128,eyebrows,O
128,are,O
128,on,O
128,fleek,O
128,today.,O
129,That,O
129,game,O
129,was,O
129,"wild,",O
129,on,O
129,god.,O
130,They‚Äôre,O
130,my,O
130,one,O
130,true,O
130,pairing‚Äîperfect,O
130,for,O
130,each,O
130,other.,O
131,I‚Äôve,O
131,never,O
131,met,O
131,them,O
131,"IRL,",B-SLANG
131,but,O
131,we‚Äôve,O
131,been,O
131,online,O
131,friends,O
131,for,O
131,years.,O
132,They‚Äôre,O
132,the,O
132,otp,B-SLANG
132,everyone,O
132,ships,O
132,in,O
132,the,O
132,fandom.,B-SLANG
133,He,O
133,started,O
133,talking,O
133,about,O
133,his,O
133,breakup,O
133,again‚Äîclassic,O
133,overshare.,B-SLANG
134,She,O
134,acts,O
134,like,B-SLANG
134,she,O
134,knows,O
134,him,O
134,"personally,",O
134,but,O
134,it‚Äôs,O
134,just,O
134,a,O
134,parasocial,B-SLANG
134,relationship.,O
135,You,O
135,aced,O
135,that,O
135,exam?,O
135,Periodt!,B-SLANG
136,She,O
136,always,O
136,wants,O
136,guys,O
136,to,O
136,notice,O
136,her‚Äîtotal,O
136,pick,O
136,me,O
136,behavior.,O
137,You,O
137,sound,O
137,real,O
137,pressed,B-SLANG
137,about,O
137,losing,O
137,that,O
137,game.,O
138,I,O
138,posted,O
138,my,O
138,opinion,O
138,and,O
138,got,O
138,hit,O
138,with,O
138,a,O
138,ratio,B-SLANG
138,instantly.,O
139,She,O
139,helped,O
139,me,O
139,through,O
139,everything‚Äîshe‚Äôs,O
139,a,O
139,real,O
139,one.,O
140,Here‚Äôs,O
140,the,O
140,real,O
140,tea:,O
140,they‚Äôve,O
140,been,O
140,secretly,O
140,dating.,O
141,Receipts,B-SLANG
141,or,O
141,it,O
141,didn‚Äôt,O
141,happen‚ÄîI,O
141,need,O
141,the,O
141,screenshots.,O
142,He,O
142,got,O
142,rekt,B-SLANG
142,in,O
142,that,O
142,match‚Äîtotal,O
142,annihilation.,O
143,She,O
143,clapped,O
143,back,O
143,with,O
143,a,O
143,reverse,O
143,uno,O
143,and,O
143,ended,O
143,the,O
143,convo.,O
144,He‚Äôs,O
144,got,O
144,so,O
144,much,O
144,"rizz,",B-SLANG
144,even,O
144,the,O
144,teacher,O
144,blushed.,O
145,That,O
145,guy?,O
145,Absolute,O
145,rizz,B-SLANG
145,god‚Äîflirting,O
145,comes,O
145,naturally,O
145,to,O
145,him.,O
146,She,O
146,told,O
146,a,O
146,joke,O
146,so,O
146,funny,O
146,I,O
146,was,O
146,rofl.,B-SLANG
147,You,O
147,feel,O
147,that,O
147,too?,O
147,Same.,B-SLANG
148,He,O
148,got,O
148,all,O
148,salty,B-SLANG
148,just,O
148,because,O
148,I,O
148,beat,O
148,his,O
148,high,O
148,score.,O
149,She,O
149,clapped,O
149,back,O
149,with,O
149,a,O
149,savage,B-SLANG
149,comeback,O
149,that,O
149,left,O
149,everyone,O
149,silent.,O
150,That,O
150,roast,O
150,was,O
150,savage,B-SLANG
150,af‚ÄîI,O
150,felt,O
150,it,O
150,from,O
150,here.,O
151,You‚Äôre,O
151,buying,O
151,snacks?,O
151,Say,O
151,"less,",O
151,I‚Äôm,O
151,coming,O
151,too.,O
152,Say,O
152,what,O
152,now?,O
152,You,O
152,invited,O
152,your,O
152,ex,O
152,to,O
152,the,O
152,party?!,O
153,He,O
153,used,O
153,to,O
153,be,O
153,a,O
153,total,O
153,scene,O
153,kid,O
153,with,O
153,emo,B-SLANG
153,hair,O
153,and,O
153,skinny,O
153,jeans.,O
154,That,O
154,meme,O
154,is,O
154,cursed‚ÄîI‚Äôve,O
154,officially,O
154,scrolled,O
154,too,O
154,far.,O
155,He,O
155,didn‚Äôt,O
155,even,O
155,think‚Äîjust,O
155,sent,O
155,it,O
155,down,O
155,the,O
155,hill,O
155,on,O
155,a,O
155,skateboard.,O
156,"Sheesh,",B-SLANG
156,those,O
156,grades,O
156,are,O
156,insane!,O
157,I,O
157,totally,O
157,ship,B-SLANG
157,them‚Äîthey‚Äôd,O
157,be,O
157,adorable,O
157,together.,O
158,That,O
158,tweet,O
158,was,O
158,just,O
158,a,O
158,chaotic,O
158,"shitpost,",B-SLANG
158,but,O
158,it,O
158,made,O
158,me,O
158,laugh.,O
159,I,O
159,was,O
159,shook,B-SLANG
159,when,O
159,I,O
159,saw,O
159,who,O
159,won,O
159,the,O
159,competition.,O
160,He‚Äôs,O
160,simping,O
160,hard,O
160,over,O
160,someone,O
160,who,O
160,barely,O
160,notices,O
160,him.,O
161,Sksksk,B-SLANG
161,I,O
161,dropped,O
161,my,O
161,phone,O
161,in,O
161,the,O
161,sink!,O
162,This,O
162,song,O
162,slaps‚Äîturn,O
162,it,O
162,up!,O
163,That,O
163,look?,O
163,Slay.,B-SLANG
163,Nothing,O
163,else,O
163,needs,O
163,to,O
163,be,O
163,said.,O
164,She,O
164,walked,O
164,in,O
164,like,B-SLANG
164,a,O
164,boss‚Äîslay,O
164,queen,O
164,energy.,O
165,That,O
165,outfit,O
165,is,O
165,slaytastic,B-SLANG
165,and,O
165,I,O
165,won‚Äôt,O
165,hear,O
165,otherwise.,O
166,He‚Äôs,O
166,so,O
166,talented,O
166,but,O
166,totally,O
166,slept,O
166,on,O
166,by,O
166,the,O
166,mainstream.,O
167,Would,O
167,you,O
167,smash,B-SLANG
167,or,O
167,pass?,O
167,Be,O
167,honest.,O
168,You,O
168,forgot,O
168,your,O
168,own,O
168,birthday?,O
168,Smh.,B-SLANG
169,She‚Äôs,O
169,not,O
169,just,O
169,cute‚Äîshe‚Äôs,O
169,a,O
169,whole,O
169,snacc.,B-SLANG
170,That,O
170,waist?,O
170,Snatched.,B-SLANG
170,Snatched,B-SLANG
170,like,B-SLANG
170,a,O
170,pro.,O
171,Don‚Äôt,O
171,snitch,O
171,tag,B-SLANG
171,me,O
171,in,O
171,drama‚ÄîI,O
171,don‚Äôt,O
171,need,O
171,that,O
171,smoke.,O
172,They,O
172,didn‚Äôt,O
172,"unfollow,",B-SLANG
172,just,O
172,gave,O
172,me,O
172,a,O
172,soft,O
172,block.,B-SLANG
173,She,O
173,loves,O
173,pastel,O
173,and,O
173,plushies‚Äîsuch,O
173,a,O
173,soft,O
173,girl,O
173,vibe.,B-SLANG
174,He,O
174,posted,O
174,a,O
174,hand,O
174,holding,O
174,pic‚Äîtotal,O
174,soft,O
174,launch,O
174,of,O
174,the,O
174,relationship.,O
175,She,O
175,spammed,O
175,the,O
175,group,O
175,chat,O
175,with,O
175,20,O
175,selfies,O
175,in,O
175,3,O
175,minutes.,O
176,Come,O
176,"on,",O
176,spill,O
176,the,O
176,tea‚Äîwhat,O
176,happened,O
176,at,O
176,the,O
176,party?,O
177,The,O
177,whole,O
177,squad,B-SLANG
177,rolled,O
177,up,O
177,wearing,O
177,matching,O
177,jackets.,O
178,I,O
178,stan,B-SLANG
178,artists,O
178,who,O
178,actually,O
178,care,O
178,about,O
178,their,O
178,fans.,O
179,This,O
179,is,O
179,now,O
179,a,O
179,stan,B-SLANG
179,account,O
179,for,O
179,that,O
179,flawless,O
179,performance.,O
180,Stan,B-SLANG
180,twt,O
180,was,O
180,in,O
180,chaos,O
180,after,O
180,the,O
180,teaser,O
180,dropped.,O
181,She,O
181,threw,O
181,shade,B-SLANG
181,in,O
181,a,O
181,"sub,",B-SLANG
181,but,O
181,we,O
181,all,O
181,knew,O
181,who,O
181,it,O
181,was,O
181,about.,O
182,That,O
182,subpost,B-SLANG
182,was,O
182,obviously,O
182,directed,O
182,at,O
182,her,O
182,ex.,O
183,She,O
183,always,O
183,ubtweets,O
183,her,O
183,crush,O
183,instead,O
183,of,O
183,texting,O
183,him.,O
184,That,O
184,deal,O
184,sounds,O
184,way,O
184,too,O
184,good,O
184,to,O
184,be,O
184,true‚Äîkinda,O
184,sus.,B-SLANG
185,His,O
185,excuse,O
185,was,O
185,sus,B-SLANG
185,"af,",B-SLANG
185,not,O
185,gonna,O
185,lie.,O
186,The,O
186,way,O
186,she,O
186,smiled,O
186,and,O
186,said,O
186,‚Äúnothing‚Äù,O
186,gave,O
186,off,O
186,sus,B-SLANG
186,vibes.,O
187,He‚Äôs,O
187,acting,O
187,real,O
187,suspect,B-SLANG
187,ever,O
187,since,O
187,the,O
187,test,O
187,came,O
187,back.,O
188,Swipe,O
188,up,O
188,to,O
188,see,O
188,the,O
188,full,O
188,outfit,O
188,reveal!,B-SLANG
189,"Tbh,",B-SLANG
189,you‚Äôre,O
189,way,O
189,cooler,O
189,than,O
189,you,O
189,think.,O
190,You,O
190,got,O
190,ghosted,B-SLANG
190,*again*?,O
190,That‚Äôs,O
190,wild.,O
191,She,O
191,posted,O
191,a,O
191,whole,O
191,thirst,O
191,post,B-SLANG
191,and,O
191,tagged,B-SLANG
191,him.,O
192,That,O
192,gym,O
192,selfie?,O
192,Certified,O
192,thirst,O
192,trap.,B-SLANG
193,He,O
193,complimented,O
193,five,O
193,girls,O
193,in,O
193,ten,O
193,minutes‚Äîman‚Äôs,O
193,thirsty.,B-SLANG
194,This,O
194,thread,B-SLANG
194,is,O
194,full,O
194,of,O
194,chaotic,O
194,memes‚ÄîI‚Äôm,O
194,here,O
194,for,O
194,it.,O
195,Tfw,B-SLANG
195,your,O
195,food,O
195,finally,O
195,arrives,O
195,and,O
195,it's,O
195,perfect.,O
196,"Girl,",O
196,the,O
196,tea,O
196,is,O
196,piping,O
196,hot,O
196,today.,O
197,Go,O
197,outside,O
197,and,O
197,touch,O
197,grass‚Äîyou‚Äôve,O
197,been,O
197,online,O
197,too,O
197,long.,O
198,Don‚Äôt,O
198,joke,O
198,about,O
198,that‚Äîhe‚Äôs,O
198,super,O
198,touchy,B-SLANG
198,lately.,O
199,He,O
199,set,O
199,a,O
199,trap,B-SLANG
199,by,O
199,pretending,O
199,to,O
199,be,O
199,"chill,",O
199,then,O
199,went,O
199,off.,O
200,That,O
200,was,O
200,way,O
200,too,O
200,personal‚Äîmajor,O
200,tmi.,B-SLANG
201,She,O
201,described,O
201,her,O
201,dream,O
201,in,O
201,detail,O
201,for,O
201,ten,O
201,minutes‚Äîa,O
201,total,O
201,tmi,B-SLANG
201,moment.,O
202,They‚Äôre,O
202,always,O
202,starting,O
202,drama‚Äîsuch,O
202,a,O
202,toxic,B-SLANG
202,friend,O
202,group.,O
203,Her,O
203,outfit,O
203,is,O
203,peak,O
203,"trendcore,",B-SLANG
203,straight,O
203,off,O
203,Pinterest.,O
204,He‚Äôs,O
204,just,O
204,commenting,O
204,nonsense,O
204,for,O
204,laughs‚Äîbig,O
204,troll,B-SLANG
204,energy.,O
205,That,O
205,tweet,O
205,got,O
205,hundreds,O
205,of,O
205,retweets,O
205,through,O
205,tweetdecking.,B-SLANG
206,She,O
206,wears,O
206,polka,O
206,"dots,",O
206,plays,O
206,the,O
206,"ukulele,",O
206,and,O
206,loves,O
206,birds‚Äîsuper,O
206,twee.,B-SLANG
207,He,O
207,sent,O
207,a,O
207,puppy,O
207,emoji,O
207,and,O
207,said,O
207,"""uwu",O
207,I,O
207,miss,O
207,"you""‚Äîadorable.",O
208,Your,O
208,feelings,O
208,are,O
208,totally,O
208,valid‚Äîdon‚Äôt,O
208,let,O
208,anyone,O
208,tell,O
208,you,O
208,otherwise.,O
209,This,O
209,playlist,O
209,is,O
209,such,O
209,a,O
209,good,O
209,vibe.,B-SLANG
210,He,O
210,failed,O
210,the,O
210,vibe,B-SLANG
210,check,O
210,with,O
210,that,O
210,rude,O
210,joke.,O
211,We‚Äôre,O
211,in,O
211,our,O
211,"cozy,",O
211,healing,O
211,vibe,B-SLANG
211,era,O
211,right,O
211,now.,O
212,Did,O
212,you,O
212,feel,O
212,that?,O
212,Major,O
212,vibe,B-SLANG
212,shift,O
212,just,O
212,happened.,O
213,Just,O
213,vibing,B-SLANG
213,with,O
213,some,O
213,lo-fi,O
213,beats,O
213,and,O
213,tea.,O
214,She‚Äôs,O
214,a,O
214,total,O
214,VSCO,O
214,girl‚ÄîHydro,O
214,Flask,O
214,and,O
214,scrunchies,O
214,all,O
214,day.,O
215,She,O
215,aced,O
215,the,O
215,exam,O
215,after,O
215,barely,O
215,studying‚Äîbig,O
215,W.,B-SLANG
216,You,O
216,bought,O
216,a,O
216,gold-plated,O
216,fork?,O
216,Weird,O
216,flex,B-SLANG
216,but,O
216,okay.,O
217,That,O
217,launch,O
217,was,O
217,overhyped,B-SLANG
217,and,O
217,underdelivered‚Äîwhat,O
217,a,O
217,flop.,O
218,When,O
218,life,O
218,gives,O
218,you,O
218,"lemons,",O
218,make,O
218,chaotic,O
218,lemonade.,O
219,Someone,O
219,praised,O
219,her,O
219,look,O
219,and,O
219,she,O
219,"went,",O
219,‚Äúwig!‚Äù,O
220,She,O
220,walked,O
220,in,O
220,with,O
220,that,O
220,outfit,O
220,and,O
220,our,O
220,wigs,O
220,were,O
220,snatched.,B-SLANG
221,They‚Äôre,O
221,wildin,B-SLANG
221,in,O
221,the,O
221,comments,O
221,section,O
221,right,O
221,now.,O
222,Getting,O
222,a,O
222,day,O
222,off,O
222,right,O
222,before,O
222,exams?,O
222,That‚Äôs,O
222,a,O
222,win.,B-SLANG
223,He,O
223,missed,O
223,the,O
223,punchline,O
223,again...,O
223,womp,O
223,womp.,O
224,Wyd,B-SLANG
224,later?,O
224,Wanna,O
224,hang?,O
225,"Yass,",B-SLANG
225,that‚Äôs,O
225,the,O
225,energy,O
225,I,O
225,needed,O
225,today!,O
226,Yass,B-SLANG
226,queen!,O
226,You,O
226,absolutely,O
226,crushed,O
226,that,O
226,look.,O
227,He,O
227,just,O
227,yeeted,O
227,his,O
227,phone,O
227,across,O
227,the,O
227,room,O
227,by,O
227,accident.,O
228,"Yikes,",B-SLANG
228,that,O
228,presentation,O
228,did,O
228,not,O
228,go,O
228,well.,O
229,You,O
229,only,O
229,live,O
229,once‚Äîyolo,O
229,trip,O
229,to,O
229,the,O
229,"beach,",O
229,anyone?,O
230,Not,O
230,your,O
230,thing?,O
230,That‚Äôs,O
230,"cool,",O
230,you,O
230,do,O
230,you.,O
231,He,O
231,forgot,O
231,his,O
231,own,O
231,birthday?,O
231,Zoinks.,B-SLANG
232,That,O
232,zoomer,B-SLANG
232,humor,O
232,is,O
232,chaotic,O
232,and,O
232,kind,O
232,of,O
232,brilliant.,O
233,He,O
233,was,O
233,totally,O
233,zooted,B-SLANG
233,at,O
233,the,O
233,party,O
233,last,O
233,night.,O
234,That,O
234,man,O
234,in,O
234,the,O
234,suit?,O
234,Straight-up,O
234,zaddy.,B-SLANG
235,She,O
235,replied,O
235,with,O
235,zero,O
235,chill,O
235,and,O
235,called,O
235,everyone,O
235,out.,O
236,I,O
236,saw,O
236,that,O
236,blank,O
236,stare‚Äîzero,O
236,thoughts.,O
237,That,O
237,was,O
237,real,O
237,af.,B-SLANG
237,No,O
237,"filter,",B-SLANG
237,just,O
237,truth.,O
238,Her,O
238,fit,B-SLANG
238,was,O
238,a,O
238,major,O
238,slay,B-SLANG
238,on,O
238,the,O
238,red,O
238,carpet.,O
239,That,O
239,calm,O
239,playlist,O
239,is,O
239,my,O
239,main,B-SLANG
239,vibe,B-SLANG
239,lately.,O
240,He‚Äôs,O
240,not,O
240,just,O
240,a,O
240,crush‚Äîhe‚Äôs,O
240,my,O
240,main,B-SLANG
240,squeeze.,O
241,He‚Äôs,O
241,on,O
241,his,O
241,sigma,B-SLANG
241,grindset,O
241,and,O
241,ignoring,O
241,everyone.,O
242,We‚Äôre,O
242,in,O
242,our,O
242,slay,B-SLANG
242,era‚Äînothing,O
242,can,O
242,stop,O
242,us.,O
243,If,O
243,the,O
243,vibe‚Äôs,O
243,"off,",O
243,I‚Äôll,O
243,just,O
243,ghost,B-SLANG
243,and,O
243,never,O
243,text,O
243,back.,O
243,ü´†,O
244,The,O
244,restaurant,O
244,has,O
244,no,O
244,seating‚Äîit‚Äôs,O
244,a,O
244,ghost,B-SLANG
244,kitchen.,O
245,We,O
245,talked,O
245,for,O
245,weeks,O
245,and,O
245,then,O
245,he,O
245,ghosted,B-SLANG
245,me.,O
246,Dinner,O
246,was,O
246,"pickles,",O
246,"cheese,",O
246,and,O
246,chips‚Äîclassic,O
246,girl,O
246,dinner.,O
